{
    "componentsFoundByBoth": 22,
    "uniqueComponentsFoundBySonatype": 55,
    "uniqueComponentsFoundByCompetitor": 29,
    "componentMissedByCompetitor": [
        "@rokt33r/ace-builds:1.1.9 -> LOCATION:'fb4e7633c1bf440f97bfd23615de97f4/src/main/webapp/js/ace/mode-gcode.js'",
        "org.apache.tiles:tiles-core:2.2.2 -> LOCATION:'fb4e7633c1bf440f97bfd23615de97f4/pom.xml/pkg:maven\\org.apache.tiles\\tiles-core@2.2.2?type=jar'",
        "java2html:j2h:1.3.1 -> LOCATION:'fb4e7633c1bf440f97bfd23615de97f4/pom.xml/pkg:maven\\java2html\\j2h@1.3.1?type=jar'",
        "org.slf4j:slf4j-api:1.7.7 -> LOCATION:'fb4e7633c1bf440f97bfd23615de97f4/pom.xml/pkg:maven\\org.slf4j\\slf4j-api@1.7.7?type=jar'",
        "ace-builds:1.2.2 -> LOCATION:'fb4e7633c1bf440f97bfd23615de97f4/src/main/webapp/js/ace/ext-modelist.js'",
        "jquery-timepicker:1.3.2 -> LOCATION:'fb4e7633c1bf440f97bfd23615de97f4/src/main/webapp/js/jquery/jquery-ui-1.10.4.custom.min.js'",
        "pywebtest-gitbook:0.0.1 -> LOCATION:'fb4e7633c1bf440f97bfd23615de97f4/src/main/webapp/js/ace/worker-coffee.js'",
        "org.webjars:respond:1.4.2 -> LOCATION:'fb4e7633c1bf440f97bfd23615de97f4/newDesign/assets/js/respond.min.js'",
        "commons-digester:commons-digester:1.4.1 -> LOCATION:'fb4e7633c1bf440f97bfd23615de97f4/pom.xml/pkg:maven\\commons-digester\\commons-digester@1.4.1?type=jar'",
        "org.slf4j:jcl-over-slf4j:1.7.7 -> LOCATION:'fb4e7633c1bf440f97bfd23615de97f4/pom.xml/pkg:maven\\org.slf4j\\jcl-over-slf4j@1.7.7?type=jar'",
        "axis:axis-jaxrpc:1.2 -> LOCATION:'fb4e7633c1bf440f97bfd23615de97f4/pom.xml/pkg:maven\\axis\\axis-jaxrpc@1.2?type=jar'",
        "org.slf4j:slf4j-log4j12:1.7.7 -> LOCATION:'fb4e7633c1bf440f97bfd23615de97f4/pom.xml/pkg:maven\\org.slf4j\\slf4j-log4j12@1.7.7?type=jar'",
        "javax.mail:mail:1.4.2 -> LOCATION:'fb4e7633c1bf440f97bfd23615de97f4/pom.xml/pkg:maven\\javax.mail\\mail@1.4.2?type=jar'",
        "org.webjars:angular-ui-bootstrap:0.11.0 -> LOCATION:'fb4e7633c1bf440f97bfd23615de97f4/src/main/webapp/js/angular/ui-bootstrap-tpls-0.11.0.min.js'",
        "house:0.0.46259 -> LOCATION:'fb4e7633c1bf440f97bfd23615de97f4/src/main/webapp/js/ace/theme-terminal.js'",
        "mded:0.0.0 -> LOCATION:'fb4e7633c1bf440f97bfd23615de97f4/src/main/webapp/js/ace/mode-eiffel.js'",
        "org.apache.commons:commons-lang3:3.3.2 -> LOCATION:'fb4e7633c1bf440f97bfd23615de97f4/pom.xml/pkg:maven\\org.apache.commons\\commons-lang3@3.3.2?type=jar'",
        "jquery-form:3.50.0 -> LOCATION:'fb4e7633c1bf440f97bfd23615de97f4/src/main/webapp/js/jquery_form/jquery.form.js'",
        "noide:0.0.4 -> LOCATION:'fb4e7633c1bf440f97bfd23615de97f4/src/main/webapp/js/ace/theme-katzenmilch.js'",
        "contao-components/ace:1.1.6 -> LOCATION:'fb4e7633c1bf440f97bfd23615de97f4/src/main/webapp/js/ace/mode-xquery.js'",
        "wsdl4j:wsdl4j:1.5.1 -> LOCATION:'fb4e7633c1bf440f97bfd23615de97f4/pom.xml/pkg:maven\\wsdl4j\\wsdl4j@1.5.1?type=jar'",
        "angular-animate:1.2.16 -> LOCATION:'fb4e7633c1bf440f97bfd23615de97f4/src/main/webapp/js/angular/angular-animate.min.js'",
        "org.owasp.webgoat:webgoat-container:7.0 -> LOCATION:'fb4e7633c1bf440f97bfd23615de97f4/newDesign/assets/plugins/bootstrap-wysihtml5/js/wysihtml5-0.3.0.js'",
        "javax.transaction:javax.transaction-api:1.2 -> LOCATION:'fb4e7633c1bf440f97bfd23615de97f4/pom.xml/pkg:maven\\javax.transaction\\javax.transaction-api@1.2?type=jar'",
        "org.webjars:ace:1.1.3 -> LOCATION:'fb4e7633c1bf440f97bfd23615de97f4/src/main/webapp/js/ace/theme-tomorrow_night_bright.js'",
        "axis:axis-saaj:1.2 -> LOCATION:'fb4e7633c1bf440f97bfd23615de97f4/pom.xml/pkg:maven\\axis\\axis-saaj@1.2?type=jar'",
        "javax.activation:activation:1.1 -> LOCATION:'fb4e7633c1bf440f97bfd23615de97f4/pom.xml/pkg:maven\\javax.activation\\activation@1.1?type=jar'",
        "org.webjars:nanoScrollerJS:0.7.6 -> LOCATION:'fb4e7633c1bf440f97bfd23615de97f4/newDesign/assets/plugins/nanoScroller/jquery.nanoscroller.min.js'",
        "html5shiv:3.7.3 -> LOCATION:'fb4e7633c1bf440f97bfd23615de97f4/newDesign/assets/js/html5shiv.js'",
        "javax.mail:mailapi:1.4.2 -> LOCATION:'fb4e7633c1bf440f97bfd23615de97f4/pom.xml/pkg:maven\\javax.mail\\mailapi@1.4.2?type=jar'",
        "commons-logging:commons-logging:1.1.3 -> LOCATION:'fb4e7633c1bf440f97bfd23615de97f4/pom.xml/pkg:maven\\commons-logging\\commons-logging@1.1.3?type=jar'",
        "ecs:ecs:1.4.2 -> LOCATION:'fb4e7633c1bf440f97bfd23615de97f4/pom.xml/pkg:maven\\ecs\\ecs@1.4.2?type=jar'",
        "net.sourceforge.jtds:jtds:1.2.2 -> LOCATION:'fb4e7633c1bf440f97bfd23615de97f4/pom.xml/pkg:maven\\net.sourceforge.jtds\\jtds@1.2.2?type=jar'"
    ],
    "componentMissedByCompetitorLength": 33,
    "additionalCompetitorComponents": [
        "org.apache.tomcat.maven:tomcat7-war-runner:2.1",
        "commons-beanutils:commons-beanutils:1.6",
        "org.webjars:jquery-ui-dialog:1.10.4",
        "org.webjars:jquery-ui:1.10.4",
        "jstl:jstl:1.2",
        "org.springframework:spring-aop:3.2.8.RELEASE",
        "org.springframework:spring-web:3.2.4.RELEASE"
    ],
    "additionalCompetitorComponentsLength": 7,
    "potentialMatches": [
        {
            "level": 3,
            "comp": "org.webjars:jquery-ui:1.10.4",
            "sona": "org.webjars:jquery:1.10.2",
            "sonatype-location": "fb4e7633c1bf440f97bfd23615de97f4/newDesign/assets/js/jquery-1.10.2.min.js"
        },
        {
            "level": 3,
            "comp": "org.springframework:spring-web:3.2.4.RELEASE",
            "sona": "org.springframework:spring-webmvc:3.2.4.RELEASE",
            "sonatype-location": "fb4e7633c1bf440f97bfd23615de97f4/pom.xml/pkg:maven\\org.springframework\\spring-webmvc@3.2.4.RELEASE?type=jar"
        }
    ],
    "cveFoundByBoth": 9,
    "cveMissingCompetitor": [
        "CVE-2022-25869 - org.webjars:angularjs:1.2.16",
        "sonatype-2014-0015 - org.webjars:angularjs:1.2.16",
        "sonatype-2014-0016 - org.webjars:angularjs:1.2.16",
        "sonatype-2014-0017 - org.webjars:angularjs:1.2.16",
        "sonatype-2014-0043 - org.webjars:angularjs:1.2.16",
        "sonatype-2014-0058 - org.webjars:angularjs:1.2.16",
        "sonatype-2014-0059 - org.webjars:angularjs:1.2.16",
        "sonatype-2014-0060 - org.webjars:angularjs:1.2.16",
        "sonatype-2014-0068 - org.webjars:angularjs:1.2.16",
        "sonatype-2014-0069 - org.webjars:angularjs:1.2.16",
        "sonatype-2014-0248 - org.webjars:angularjs:1.2.16",
        "sonatype-2015-0057 - org.webjars:angularjs:1.2.16",
        "sonatype-2015-0059 - org.webjars:angularjs:1.2.16",
        "sonatype-2015-0078 - org.webjars:angularjs:1.2.16",
        "sonatype-2015-0080 - org.webjars:angularjs:1.2.16",
        "sonatype-2016-0272 - org.webjars:angularjs:1.2.16",
        "sonatype-2016-0282 - org.webjars:angularjs:1.2.16",
        "sonatype-2017-0023 - org.webjars:angularjs:1.2.16",
        "sonatype-2017-0486 - org.webjars:angularjs:1.2.16",
        "sonatype-2020-0336 - org.webjars:angularjs:1.2.16",
        "CVE-2020-7676 - org.webjars:angularjs:1.2.16",
        "CVE-2016-9879 - org.springframework.security:spring-security-web:3.2.4.RELEASE",
        "CVE-2018-1199 - org.springframework.security:spring-security-web:3.2.4.RELEASE",
        "CVE-2021-22112 - org.springframework.security:spring-security-web:3.2.4.RELEASE",
        "CVE-2022-22978 - org.springframework.security:spring-security-web:3.2.4.RELEASE",
        "sonatype-2017-0507 - org.springframework.security:spring-security-web:3.2.4.RELEASE",
        "sonatype-2017-0641 - org.springframework.security:spring-security-web:3.2.4.RELEASE",
        "sonatype-2019-0341 - org.springframework.security:spring-security-web:3.2.4.RELEASE",
        "sonatype-2020-1270 - org.springframework.security:spring-security-web:3.2.4.RELEASE",
        "CVE-2013-0248 - commons-fileupload:commons-fileupload:1.2.2",
        "CVE-2013-2186 - commons-fileupload:commons-fileupload:1.2.2",
        "CVE-2014-0050 - commons-fileupload:commons-fileupload:1.2.2",
        "CVE-2016-1000031 - commons-fileupload:commons-fileupload:1.2.2",
        "CVE-2016-3092 - commons-fileupload:commons-fileupload:1.2.2",
        "CVE-2023-24998 - commons-fileupload:commons-fileupload:1.2.2",
        "sonatype-2014-0173 - commons-fileupload:commons-fileupload:1.2.2",
        "CVE-2019-11358 - org.webjars:jquery:1.10.2",
        "CVE-2020-11023 - org.webjars:jquery:1.10.2",
        "sonatype-2014-0026 - org.webjars:jquery:1.10.2",
        "sonatype-2020-0187 - org.webjars:jquery:1.10.2",
        "CVE-2020-11022 - org.webjars:jquery:1.10.2",
        "sonatype-2015-0002 - commons-collections:commons-collections:3.1",
        "CVE-2019-11272 - org.springframework.security:spring-security-core:3.2.4.RELEASE",
        "CVE-2019-3795 - org.springframework.security:spring-security-core:3.2.4.RELEASE",
        "CVE-2020-5408 - org.springframework.security:spring-security-core:3.2.4.RELEASE",
        "CVE-2022-22976 - org.springframework.security:spring-security-core:3.2.4.RELEASE",
        "CVE-2019-17571 - log4j:log4j:1.2.17",
        "CVE-2021-4104 - log4j:log4j:1.2.17",
        "CVE-2022-23302 - log4j:log4j:1.2.17",
        "CVE-2022-23305 - log4j:log4j:1.2.17",
        "CVE-2022-23307 - log4j:log4j:1.2.17",
        "sonatype-2010-0053 - log4j:log4j:1.2.17",
        "sonatype-2017-0492 - javax.mail:mail:1.4.2",
        "sonatype-2015-0115 - org.webjars:angular-ui-bootstrap:0.11.0",
        "CVE-2007-2353 - axis:axis:1.2",
        "CVE-2012-5784 - axis:axis:1.2",
        "CVE-2014-3596 - axis:axis:1.2",
        "CVE-2019-0227 - axis:axis:1.2",
        "CVE-2016-5007 - org.springframework.security:spring-security-config:3.2.4.RELEASE",
        "CVE-2018-1199 - org.springframework.security:spring-security-config:3.2.4.RELEASE",
        "CVE-2014-1904 - org.springframework:spring-webmvc:3.2.4.RELEASE",
        "CVE-2014-3625 - org.springframework:spring-webmvc:3.2.4.RELEASE",
        "CVE-2015-5211 - org.springframework:spring-webmvc:3.2.4.RELEASE",
        "CVE-2016-9878 - org.springframework:spring-webmvc:3.2.4.RELEASE",
        "CVE-2018-1271 - org.springframework:spring-webmvc:3.2.4.RELEASE",
        "CVE-2021-22060 - org.springframework:spring-webmvc:3.2.4.RELEASE",
        "sonatype-2017-0651 - org.springframework:spring-webmvc:3.2.4.RELEASE",
        "sonatype-2015-0356 - jquery-form:3.50.0",
        "sonatype-2018-0705 - commons-io:commons-io:1.3.2",
        "CVE-2018-14040 - org.webjars:bootstrap:3.1.1",
        "CVE-2018-14042 - org.webjars:bootstrap:3.1.1",
        "CVE-2018-20676 - org.webjars:bootstrap:3.1.1",
        "CVE-2019-8331 - org.webjars:bootstrap:3.1.1",
        "sonatype-2016-0129 - org.webjars:bootstrap:3.1.1",
        "sonatype-2017-0695 - org.webjars:bootstrap:3.1.1",
        "CVE-2016-10735 - org.webjars:bootstrap:3.1.1",
        "sonatype-2018-0607 - org.webjars:bootstrap:3.1.1",
        "CVE-2017-7525 - com.fasterxml.jackson.core:jackson-databind:2.0.4",
        "CVE-2020-36518 - com.fasterxml.jackson.core:jackson-databind:2.0.4",
        "CVE-2022-42004 - com.fasterxml.jackson.core:jackson-databind:2.0.4",
        "sonatype-2016-0593 - com.fasterxml.jackson.core:jackson-databind:2.0.4",
        "CVE-2014-3578 - org.springframework:spring-core:3.2.4.RELEASE",
        "sonatype-2015-0327 - org.springframework:spring-core:3.2.4.RELEASE",
        "sonatype-2017-0492 - javax.mail:mailapi:1.4.2",
        "CVE-2021-42392 - com.h2database:h2:1.4.187",
        "CVE-2022-23221 - com.h2database:h2:1.4.187",
        "sonatype-2018-0859 - com.h2database:h2:1.4.187",
        "sonatype-2018-0863 - com.h2database:h2:1.4.187",
        "CVE-2018-14335 - com.h2database:h2:1.4.187",
        "sonatype-2017-0355 - com.fasterxml.jackson.core:jackson-core:2.0.4",
        "sonatype-2022-6438 - com.fasterxml.jackson.core:jackson-core:2.0.4"
    ],
    "cveMissingCompetitorLength": 91,
    "additionalCompetitorCVEs": [
        "CVE-2020-8022, CVE-2002-0493, CVE-2013-2185, CVE-2013-4444, CVE-2013-6357, CVE-2013-4286, CVE-2000-1210, CVE-2001-0590, CVE-2008-0128, CVE-2014-0075, CVE-2005-4838, CVE-2006-7196, CVE-2007-2449, CVE-2009-2696, CVE-2013-4322, CVE-2013-4590, CVE-2014-0096, CVE-2014-0099, CVE-2014-0119, CVE-2007-1358, (1), org.apache.tomcat.maven:tomcat7-war-runner:2.1",
        "CVE-2019-14863, CVE-2020-7676, (1), org.webjars:angularjs:1.2.16",
        "CVE-2019-0227, CVE-2018-8032, CVE-2012-5784, CVE-2014-3596, CVE-2007-2353, (1), axis:axis:1.2",
        "CVE-2020-1945, CVE-2018-8032, CVE-2012-5784, CVE-2014-3596, (1), axis:axis-ant:1.2",
        "CVE-2016-10735, CVE-2018-14040, CVE-2018-14041, CVE-2018-14042, CVE-2019-8331, (1), org.webjars:bootstrap:3.1.1",
        "CVE-2014-0114, CVE-2019-10086, (1), commons-beanutils:commons-beanutils:1.6",
        "CVE-2015-6420, (1), commons-collections:commons-collections:3.1",
        "CVE-2022-0869, (1), commons-discovery:commons-discovery:0.2",
        "CVE-2016-1000031, CVE-2013-2186, CVE-2014-0050, CVE-2016-3092, CVE-2013-0248, (1), commons-fileupload:commons-fileupload:1.2.2",
        "CVE-2021-42392, CVE-2022-23221, CVE-2022-45868, (1), com.h2database:h2:1.4.187",
        "CVE-2018-1000873, (1), com.fasterxml.jackson.core:jackson-core:2.0.4",
        "CVE-2018-7489, CVE-2017-7525, CVE-2020-10650, CVE-2020-35490, CVE-2020-35491, CVE-2020-36518, CVE-2022-42003, CVE-2022-42004, CVE-2018-1000873, (1), com.fasterxml.jackson.core:jackson-databind:2.0.4",
        "CVE-2015-9251, CVE-2019-11358, CVE-2020-11022, CVE-2020-11023, (1), org.webjars:jquery:1.10.2.min",
        "CVE-2016-7103, CVE-2021-41182, CVE-2021-41183, CVE-2021-41184, CVE-2022-31160, (2), org.webjars:jquery-ui-dialog:1.10.4",
        "CVE-2016-7103, CVE-2021-41182, CVE-2021-41183, CVE-2021-41184, CVE-2022-31160, (2), org.webjars:jquery-ui:1.10.4",
        "CVE-2019-17571, CVE-2020-9493, CVE-2022-23305, CVE-2022-23302, CVE-2022-23307, CVE-2021-4104, (1), log4j:log4j:1.2.17",
        "CVE-2018-1270, CVE-2022-22965, CVE-2015-5211, CVE-2014-0225, CVE-2016-5007, CVE-2016-9878, CVE-2018-11040, CVE-2018-1257, CVE-2020-5421, CVE-2022-22950, CVE-2018-11039, CVE-2015-3192, CVE-2022-22968, CVE-2022-22970, CVE-2014-3578, CVE-2014-3625, (1), org.springframework:spring-aop:3.2.8.RELEASE",
        "CVE-2018-1270, CVE-2022-22965, CVE-2015-5211, CVE-2014-0225, CVE-2016-5007, CVE-2016-9878, CVE-2018-11040, CVE-2013-6429, CVE-2014-0054, CVE-2018-1257, CVE-2020-5421, CVE-2022-22950, CVE-2018-11039, CVE-2015-3192, CVE-2022-22968, CVE-2022-22970, CVE-2014-3578, CVE-2014-3625, CVE-2014-1904, (1), org.springframework:spring-core:3.2.4.RELEASE",
        "CVE-2014-3527, CVE-2022-22978, CVE-2021-22112, CVE-2016-5007, CVE-2016-9879, CVE-2018-1199, CVE-2022-22976, (2), org.springframework.security:spring-security-config:3.2.4.RELEASE",
        "CVE-2014-3527, CVE-2022-22978, CVE-2021-22112, CVE-2016-5007, CVE-2016-9879, CVE-2019-11272, CVE-2019-3795, CVE-2022-22976, (1), org.springframework.security:spring-security-core:3.2.4.RELEASE",
        "CVE-2014-3527, CVE-2022-22978, CVE-2021-22112, CVE-2016-5007, CVE-2016-9879, CVE-2018-1199, CVE-2022-22976, (2), org.springframework.security:spring-security-web:3.2.4.RELEASE",
        "CVE-2016-1000027, CVE-2018-1270, CVE-2022-22965, CVE-2015-5211, CVE-2014-0225, CVE-2016-5007, CVE-2016-9878, CVE-2018-11040, CVE-2018-1272, CVE-2013-6429, CVE-2014-0054, CVE-2018-1257, CVE-2020-5421, CVE-2022-22950, CVE-2018-11039, CVE-2015-3192, CVE-2022-22968, CVE-2022-22970, CVE-2014-3578, CVE-2014-3625, CVE-2014-1904, (1), org.springframework:spring-web:3.2.4.RELEASE",
        "CVE-2018-1270, CVE-2022-22965, CVE-2015-5211, CVE-2014-0225, CVE-2016-5007, CVE-2016-9878, CVE-2018-11040, CVE-2013-6429, CVE-2014-0054, CVE-2018-1257, CVE-2020-5421, CVE-2022-22950, CVE-2018-11039, CVE-2018-1271, CVE-2015-3192, CVE-2022-22968, CVE-2022-22970, CVE-2014-3578, CVE-2014-3625, CVE-2014-1904, CVE-2021-22060, (1), org.springframework:spring-webmvc:3.2.4.RELEASE"
    ],
    "additionalCompetitorCVEsLength": 23,
    "sonatypeFoundLaterUpdatedCVEs": [
        "sonatype-2020-0336 -> CVE-2020-7676",
        "sonatype-2020-0187 -> CVE-2020-11022",
        "sonatype-2018-0705 -> CVE-2021-29425",
        "sonatype-2017-0695 -> CVE-2016-10735",
        "sonatype-2018-0863 -> CVE-2018-14335"
    ],
    "10WorstCompontnentsMissedByCompetitor": [
        {
            "score": 6.5,
            "component": "org.webjars:angular-ui-bootstrap:0.11.0",
            "cves": [
                "sonatype-2015-0115 : 6.5"
            ]
        },
        {
            "score": 6.1,
            "component": "jquery-form:3.50.0",
            "cves": [
                "sonatype-2015-0356 : 6.1"
            ]
        },
        {
            "score": 4.3,
            "component": "javax.mail:mail:1.4.2",
            "cves": [
                "sonatype-2017-0492 : 4.3"
            ]
        },
        {
            "score": 4.3,
            "component": "javax.mail:mailapi:1.4.2",
            "cves": [
                "sonatype-2017-0492 : 4.3"
            ]
        }
    ],
    "badLicenseInComponentsMissedByCompetitor": [
        "['Sonatype Special Licenses', 'Sonatype Special Licenses'] : ['Not-Declared_D', 'No-Sources_O'] : java2html:j2h:1.3.1",
        "['Copyleft'] : ['GPL-2.0_D'] : jquery-timepicker:1.3.2",
        "['Sonatype Special Licenses'] : ['Not-Declared_D'] : commons-digester:commons-digester:1.4.1",
        "['Weak Copyleft', 'Copyleft'] : ['CDDL-1.1_D', 'GPL-2.0-with-classpath-exception_D'] : javax.mail:mail:1.4.2",
        "['Sonatype Special Licenses'] : ['Not-Declared_D'] : house:0.0.46259",
        "['Copyleft'] : ['GPL-2.0_D'] : jquery-form:3.50.0",
        "['Sonatype Special Licenses'] : ['Not-Declared_D'] : noide:0.0.4",
        "['Sonatype Special Licenses'] : ['UNSPECIFIED_D'] : contao-components/ace:1.1.6",
        "['Weak Copyleft', 'Sonatype Special Licenses'] : ['CPL-1.0_D', 'No-Source-License_O'] : wsdl4j:wsdl4j:1.5.1",
        "['Sonatype Special Licenses'] : ['Not-Declared_D'] : angular-animate:1.2.16",
        "['Copyleft'] : ['GPL-2.0_D'] : org.owasp.webgoat:webgoat-container:7.0",
        "['Weak Copyleft', 'Copyleft'] : ['CDDL-1.1_D', 'GPL-2.0-with-classpath-exception_D'] : javax.transaction:javax.transaction-api:1.2",
        "['Sonatype Special Licenses'] : ['Not-Declared_D'] : axis:axis-saaj:1.2",
        "['Weak Copyleft', 'Copyleft', 'Weak Copyleft'] : ['CDDL-1.1_D', 'GPL-2.0-with-classpath-exception_D', 'CDDL-1.0_D'] : javax.activation:activation:1.1",
        "['Sonatype Special Licenses'] : ['Not-Declared_D'] : html5shiv:3.7.3",
        "['Weak Copyleft', 'Copyleft', 'Sonatype Special Licenses'] : ['CDDL-1.1_D', 'GPL-2.0-with-classpath-exception_D', 'No-Source-License_O'] : javax.mail:mailapi:1.4.2",
        "['Sonatype Special Licenses'] : ['No-Sources_O'] : ecs:ecs:1.4.2",
        "['Weak Copyleft'] : ['LGPL-3.0_D'] : net.sourceforge.jtds:jtds:1.2.2"
    ],
    "badLicenseInComponentsMissedByCompetitorLength": 18,
    "licensingDiscrepencies": [
        {
            "Component": "org.springframework.security:spring-security-web:3.2.4.RELEASE",
            "FoundBySonatype": [],
            "FoundByCompetitor": [
                "The Apache Software License, Version 2.0: http://www.apache.org/licenses/LICENSE-2.0.txt"
            ]
        },
        {
            "Component": "commons-fileupload:commons-fileupload:1.2.2",
            "FoundBySonatype": [],
            "FoundByCompetitor": [
                "http://www.apache.org/licenses/LICENSE-2.0.txt"
            ]
        },
        {
            "Component": "hsqldb:hsqldb:1.8.0.7",
            "FoundBySonatype": [
                "UNKNOWN_D"
            ],
            "FoundByCompetitor": [
                "HSQLDB License: http://hsqldb.org/web/hsqlLicense.html"
            ]
        },
        {
            "Component": "org.webjars:jquery:1.10.2",
            "FoundBySonatype": [
                "UNKNOWN_D"
            ],
            "FoundByCompetitor": []
        },
        {
            "Component": "commons-collections:commons-collections:3.1",
            "FoundBySonatype": [
                "Not-Declared_D"
            ],
            "FoundByCompetitor": []
        },
        {
            "Component": "org.springframework.security:spring-security-core:3.2.4.RELEASE",
            "FoundBySonatype": [],
            "FoundByCompetitor": [
                "The Apache Software License, Version 2.0: http://www.apache.org/licenses/LICENSE-2.0.txt"
            ]
        },
        {
            "Component": "log4j:log4j:1.2.17",
            "FoundBySonatype": [],
            "FoundByCompetitor": [
                "The Apache Software License, Version 2.0: http://www.apache.org/licenses/LICENSE-2.0.txt"
            ]
        },
        {
            "Component": "javax.servlet:jstl:1.2",
            "FoundBySonatype": [
                "Not-Declared_D",
                "CDDL-1.0_O"
            ],
            "FoundByCompetitor": []
        },
        {
            "Component": "commons-discovery:commons-discovery:0.2",
            "FoundBySonatype": [
                "Not-Declared_D"
            ],
            "FoundByCompetitor": []
        },
        {
            "Component": "axis:axis:1.2",
            "FoundBySonatype": [
                "Not-Declared_D"
            ],
            "FoundByCompetitor": []
        },
        {
            "Component": "org.springframework.security:spring-security-config:3.2.4.RELEASE",
            "FoundBySonatype": [],
            "FoundByCompetitor": [
                "The Apache Software License, Version 2.0: http://www.apache.org/licenses/LICENSE-2.0.txt"
            ]
        },
        {
            "Component": "org.springframework:spring-webmvc:3.2.4.RELEASE",
            "FoundBySonatype": [],
            "FoundByCompetitor": [
                "The Apache Software License, Version 2.0: http://www.apache.org/licenses/LICENSE-2.0.txt"
            ]
        },
        {
            "Component": "taglibs:standard:1.1.2",
            "FoundBySonatype": [
                "Not-Declared_D"
            ],
            "FoundByCompetitor": []
        },
        {
            "Component": "com.fasterxml.jackson.core:jackson-databind:2.0.4",
            "FoundBySonatype": [
                "LGPL-2.1_D",
                "See-License-Clause_O"
            ],
            "FoundByCompetitor": [
                "The Apache Software License, Version 2.0: http://www.apache.org/licenses/LICENSE-2.0.txt Lesser Gnu Public License (LGPL), Version 2.1: http://www.gnu.org/licenses/lgpl-2.1.html"
            ]
        },
        {
            "Component": "org.springframework:spring-core:3.2.4.RELEASE",
            "FoundBySonatype": [],
            "FoundByCompetitor": [
                "The Apache Software License, Version 2.0: http://www.apache.org/licenses/LICENSE-2.0.txt"
            ]
        },
        {
            "Component": "axis:axis-ant:1.2",
            "FoundBySonatype": [
                "Not-Declared_D",
                "No-Sources_O"
            ],
            "FoundByCompetitor": []
        },
        {
            "Component": "junit:junit:4.8.1",
            "FoundBySonatype": [
                "CPL-1.0_D",
                "No-Source-License_O"
            ],
            "FoundByCompetitor": [
                "Common Public License Version 1.0: http://www.opensource.org/licenses/cpl1.0.txt"
            ]
        },
        {
            "Component": "com.h2database:h2:1.4.187",
            "FoundBySonatype": [
                "Not-Declared_D"
            ],
            "FoundByCompetitor": [
                "http://www.h2database.com/html/license.html"
            ]
        },
        {
            "Component": "com.fasterxml.jackson.core:jackson-core:2.0.4",
            "FoundBySonatype": [
                "See-License-Clause_O"
            ],
            "FoundByCompetitor": [
                "The Apache Software License, Version 2.0: http://www.apache.org/licenses/LICENSE-2.0.txt"
            ]
        }
    ],
    "licensingDiscrepenciesCount": 19
}