{"licenseSingleLegalMeta": {"LGPL-2.1": {"name": "Weak Copyleft", "level": 2}, "LGPL-3.0": {"name": "Weak Copyleft", "level": 2}, "BSD-3-Clause": {"name": "Liberal", "level": 0}, "MPL-1.1": {"name": "Weak Copyleft", "level": 2}, "CDDL-1.0": {"name": "Weak Copyleft", "level": 2}, "CDDL-1.1": {"name": "Weak Copyleft", "level": 2}, "GPL-2.0": {"name": "Copyleft", "level": 9}, "No-Source-License": {"name": "Sonatype Special Licenses", "level": 5}, "CPL-1.0": {"name": "Weak Copyleft", "level": 2}, "UNSPECIFIED": {"name": "Sonatype Special Licenses", "level": 5}, "Generic-Open-Source-Clause": {"name": "Liberal", "level": 0}, "Not-Supported": {"name": "Sonatype Informational", "level": 0}, "EPL-1.0": {"name": "Weak Copyleft", "level": 2}, "MIT": {"name": "Liberal", "level": 0}, "See-License-Clause": {"name": "Non Standard", "level": 6}, "UNKNOWN": {"name": "Non Standard", "level": 6}, "Apache-2.0": {"name": "Liberal", "level": 0}, "Apache-1.1": {"name": "Liberal", "level": 0}, "ISC": {"name": "Liberal", "level": 0}, "GPL-2.0-with-classpath-exception": {"name": "Copyleft", "level": 9}, "BSD-UNSPECIFIED": {"name": "Liberal", "level": 0}, "No-Sources": {"name": "Sonatype Special Licenses", "level": 5}, "Not-Declared": {"name": "Sonatype Special Licenses", "level": 5}}, "licenseMultiLegalMeta": {"CDDL-1.1-GPL-2.0-CPE": ["CDDL-1.1", "GPL-2.0-with-classpath-exception"], "LGPL-2.1+": ["LGPL-2.1", "LGPL-3.0"], "EPL-1.0-LGPL-3.0+-MPL-1.1": ["EPL-1.0", "LGPL-3.0", "MPL-1.1"], "EPL-1.0-MPL-1.1": ["EPL-1.0", "MPL-1.1"]}}